"Feature","Gain"
"Intensity",0.0706576734798191
"RDF015s",0.0446880125659002
"complexity.from.pubmed",0.0231600844361321
"Mor13m",0.0223907846731372
"IC4",0.0209170583344947
"Chi_Dz.i.",0.0192034592962923
"Mor29s",0.0144376182841539
"TDB09e",0.0133178832445032
"MATS8p",0.0124346881860546
"Gu",0.0118355387771137
"MATS7s",0.0116266799613616
"HATS6u",0.0113091606018272
"P_VSA_MR_6",0.0106828095438402
"ATSC5s",0.00936034557044906
"SpDiam_AEA.dm.",0.00908344721867145
"TDB05p",0.00901683022443484
"ATSC2e",0.00874562163263684
"Mor28u",0.00859067283319541
"MW",0.00846958301099752
"MATS6p",0.00842496555095169
"Mor32v",0.00828182878921662
"SpMax_EA.dm.",0.00823035827262161
"AMW",0.00808765972852134
"J_Dz.p.",0.0080662235640269
"RTs.",0.00766480199975604
"E1u",0.00756104725604187
"SdO",0.00753446411755785
"Mor30s",0.00679231472318094
"Mor24s",0.00657191013685798
"R5s.",0.00651399587993587
"Mor32u",0.00572737609580844
"G.O..S.",0.00560212549760073
"Psi_i_0d",0.00555277362788093
"X4sol",0.00532551742085695
"Mor28i",0.00528934521655609
"DISPm",0.00525762555451748
"Mor07u",0.0050215441898543
"RDF025v",0.0050033287636511
"Mor15i",0.0049763861778412
"DISPe",0.00443142512267109
"E3s",0.00429682972881484
"Mor17m",0.00400013753223417
"MATS2e",0.00384680217196062
"R1i",0.00383333441134392
"RDF020p",0.0037367300232179
"HATS4s",0.00362594895926175
"P_VSA_s_3",0.00362391835081607
"Sv",0.00357345365107599
"N.",0.00353493183697059
"MATS7p",0.00351229344364949
"VE2_RG",0.00341317733693311
"Mp",0.00339392400026993
"Mv",0.00337933188936522
"H0s",0.00334375834510155
"ALOGP2",0.00333640316630065
"Me",0.00325315166021578
"Mor03s",0.00318046683873239
"ON1V",0.00311168822707304
"Mor13s",0.00301877932714684
"R4s.",0.00296485414264178
"MATS5m",0.00292956020563574
"R6s.",0.00292743382451598
"Mor30i",0.00291066107333964
"Mor28s",0.00289898713258522
"RBN",0.00288466727222814
"RDF055p",0.00287339494592669
"TPSA.Tot.",0.00286236305795359
"GATS2s",0.00283581542632428
"RDF060v",0.00281783181181125
"DECC",0.00274561201871064
"MATS4v",0.00267191000724062
"HATS3v",0.00262844919729425
"Mor26m",0.00258402595685169
"RDF060m",0.00258123528296131
"DBI",0.00250292971104302
"Mor05e",0.00249006167392621
"R2m.",0.0024895186064926
"MATS6v",0.00244089020099634
"RDF080m",0.00239248907652685
"Mor30v",0.00236688710581517
"ALOGP",0.0023559992359296
"CIC3",0.00228027928840657
"PW4",0.00224976738924683
"Mor30m",0.00222076646106966
"R6u",0.00220522318867835
"L3m",0.00211272466303411
"RDF060p",0.00206797739307269
"Chi1_EA.dm.",0.00204393970433711
"R3u.",0.00204101590889821
"SpMin4_Bh.v.",0.00203632666269702
"RDF025s",0.00201642738758125
"Mor10i",0.00199752106296855
"DISPi",0.00199604901731311
"Eig11_AEA.bo.",0.00195982676181251
"RDF065v",0.00192440517718413
"Mor08s",0.00192148204715516
"MAXDN",0.0018910437370487
"GATS1p",0.00188567782891745
"Mor21s",0.0018843042318742
"G1e",0.00182155577773286
"RDF080p",0.00181201300216373
"Mor23u",0.00174174680529649
"Mor05u",0.0017335268801533
"Mor22s",0.00172200931054425
"Mor21p",0.00172111192311216
"H5p",0.00171845839307898
"MATS2p",0.00171529611486076
"GATS4s",0.00170407676381117
"HATS6p",0.00169629146274518
"RDF020e",0.00168852720488317
"RBF",0.00167641157514693
"ZM1V",0.00165857682646773
"VE1_Dz.v.",0.00164976697974799
"IC3",0.00164413360024524
"SIC5",0.00164230854914008
"Mor20e",0.00162917359075925
"Mor27p",0.00161562326384763
"ON1",0.00161172280996964
"MAXDP",0.00159983062360947
"BIC4",0.0015920408451117
"Mor10s",0.00158179497464346
"X5Av",0.00158059309377212
"SsCH3",0.0015558353984786
"ATS7i",0.00154712695333442
"SpDiam_AEA.bo.",0.00151983297940472
"SpPosA_B.m.",0.00150465031187999
"R8u",0.00149501699194184
"HNar",0.0014895834849965
"MATS3v",0.00147063461531567
"E2p",0.00146803040389015
"Mi",0.00144423508387642
"Mor21v",0.00143048972174808
"TDB04u",0.0014014984769887
"BLI",0.00139577915348271
"Chi1_EA.bo.",0.00139553139860445
"RDF040m",0.00139482858739582
"Psi_i_s",0.00139252584999844
"Mor19u",0.00139143361423226
"HTu",0.00138999722222107
"MATS4s",0.00138413103459977
"Eig07_AEA.ri.",0.00138080880527553
"TIC3",0.00137835491697148
"nR05",0.0013720256296664
"SpMaxA_EA.ri.",0.00136151722328944
"O.",0.00136021576670288
"Se",0.00132267559231213
"J_Dz.i.",0.00129677259265162
"G2i",0.00129026183896261
"SpMAD_AEA.ri.",0.00128863200152927
"RDF060i",0.0012797122410876
"IC5",0.0012770911860404
"RDF055m",0.00127397051270655
"GATS6s",0.00122494205551842
"L2v",0.0012182406055818
"HyWi_B.s.",0.00121786489128364
"J_G",0.00121494768245256
"Mor26p",0.00119906344968442
"Mor23s",0.00119796434910291
"BIC2",0.0011878495435064
"Mor16s",0.00118513816429168
"ATSC1s",0.00116548566607398
"RDF040s",0.00116027454850821
"R6e.",0.00115529991744371
"Psi_i_A",0.0011529704903625
"Chi_Dz.p.",0.00115183027091592
"GATS5m",0.0011474797354954
"DISPs",0.00114678512971946
"Mor07m",0.00114032453691969
"R3e.",0.00113588614610012
"Mor15e",0.00113523285412623
"Mor13v",0.00113486976404294
"MATS1e",0.00110795415130531
"Mor21m",0.00110630099234243
"H2i",0.00110157467197742
"Mor24m",0.00110022630823449
"MLOGP",0.00108917881065794
"GATS1s",0.00108501675626439
"Mor16m",0.00107685582432744
"SM6_B.v.",0.00107636308120801
"R3i.",0.0010726191637582
"ATSC1e",0.00104662573496185
"RDF110v",0.00103450870333271
"nN",0.00103423919288857
"AVS_X",0.00103241855526832
"RDF020s",0.00103159563732921
"ZM1Per",0.00102575613810736
"X5v",0.00102074281993997
"Mor32i",0.00101235688092453
"ON0V",0.00100460434721003
"RDF060u",0.000997974850871633
"Ds",0.000994615066593027
"MATS8s",0.000993841664674341
"Mor24i",0.000989922309304549
"SIC3",0.000978531264042009
"Mor27m",0.000975175434425236
"G3m",0.000963314331122894
"Mor09u",0.000956278817856733
"D.Dtr05",0.000955091816878977
"ATSC6e",0.000940188237362003
"E1v",0.00093621805132892
"MATS3m",0.000931610829882776
"Eig05_AEA.ri.",0.000924547118639781
"GATS8p",0.000920547931843569
"MATS5v",0.000918233592576851
"H5m",0.000916146579931897
"JGI5",0.00091570998485399
"E1s",0.000913532655342912
"Mor28v",0.000912502005949236
"RDF010s",0.00090840799726569
"SpPosA_X",0.000906684300844129
"WiA_Dz.v.",0.000905240672330941
"ZM1Kup",0.000905219000557956
"Mor23v",0.000899045147626576
"DELS",0.000896421800360487
"Eig11_EA.dm.",0.000889487147381612
"Mor16e",0.00088867209131917
"G3u",0.000886215371580719
"J_Dz.v.",0.000877723714511066
"SpPosA_B.s.",0.00087375380996362
"Mor25p",0.000867416707571824
"VE2_Dz.p.",0.000866379411047072
"SpPosA_B.v.",0.000864790480628266
"RDF040u",0.000861170849308338
"Mor32s",0.000861014580300683
"RDF050p",0.000860841591383879
"RDF020u",0.000856234962864198
"Chi0_EA.dm.",0.000853899105308416
"Si",0.000851771314093788
"ATSC2s",0.000849631403721925
"L2s",0.000849043294393758
"Mor10e",0.000848743371776574
"H4m",0.000840567394587703
"nBM",0.000839529746077926
"Mor31i",0.00083766197193221
"ZM1MulPer",0.000835177266503211
"R2s",0.000823597322139374
"R5u.",0.000820602421952164
"Eta_sh_p",0.00081992716193181
"nDB",0.000818373321838658
"SM4_X",0.000815643202763485
"R5e.",0.000812765268385526
"E1m",0.000808424865985353
"Mor02u",0.000794631823898142
"R5m.",0.00078848644249854
"J_D.Dt",0.00078577990291755
"TDB09s",0.000785339426910205
"Mor25u",0.000785290360052928
"G2m",0.000782674918616579
"MATS4m",0.000774992622877757
"L1u",0.000773171256065421
"RDF045p",0.000770589908302412
"VR2_G",0.000763883041708606
"TDB05u",0.00076252798763484
"X5A",0.000754890112035076
"HATS0s",0.000750792270397385
"nRCO",0.000750021955897581
"Mor08p",0.000747611387483794
"IC1",0.000746446300414826
"MATS1m",0.000744862639575641
"P_VSA_MR_2",0.000743825518906587
"SpMaxA_EA.bo.",0.000740443655832141
"Mor11i",0.00073934668376892
"TIC1",0.000734761703958333
"SM15_AEA.bo.",0.00073455175500891
"Mor24u",0.000733989881230099
"P1p",0.000732320945587314
"S2K",0.000732182428333608
"Mor11s",0.000731647797976321
"IDDE",0.000726039549131286
"MATS7m",0.000718039019399394
"VE1_Dt",0.000713318920179771
"S3K",0.000710833557320375
"P_VSA_v_3",0.000710150046095293
"RDF035p",0.000709843469716185
"GATS6e",0.000707422257178325
"Sp",0.000704123773479401
"PCR",0.000703033888139934
"SpMin3_Bh.v.",0.00069969130101255
"HATS7s",0.000698077063376017
"Mor31v",0.000688983242856199
"J_X",0.000688846200990871
"R6i",0.000688747164818746
"MATS6i",0.000688644029282712
"Mor18e",0.000685101411088608
"GATS6v",0.000683504055694671
"Mor11m",0.00067767739856259
"MATS4e",0.000677186195503984
"Psi_i_1d",0.000674946486633411
"VE1_B.p.",0.000673909861559049
"MATS1s",0.00067330313691528
"E3u",0.000668333710693218
"RDF045e",0.000668317135017202
"G2u",0.000663650251853218
"VAR",0.000662301378465522
"E2s",0.000658337527024525
"Eig04_EA.ri.",0.000656911305479264
"MATS3p",0.000655805972997661
"SpDiam_AEA.ed.",0.0006554993447774
"R4e.",0.000654077403611798
"E2u",0.000645126596404707
"ZM1Mad",0.000645098952522352
"Mor14u",0.000643415841931408
"WiA_G.D",0.000643186126286535
"RTm.",0.00064104250495252
"HATS6i",0.000640302779660137
"P_VSA_MR_7",0.000636349373215689
"SpMaxA_B.s.",0.000627752122947646
"RDF085e",0.000627639425454862
"HATS3u",0.000626107274206388
"HATS7u",0.00062060907982204
"MATS6e",0.000617411324080579
"GATS3p",0.000616922781017459
"SpMax2_Bh.p.",0.000615167016307216
"R1m.",0.000612186231338019
"PW2",0.000611746225145675
"RDF045v",0.000604423445881637
"GATS3e",0.000603959791487455
"nH",0.000594969062048193
"L1s",0.000594321964978288
"P2u",0.000590119942354686
"TIE",0.000589945954331891
"PJI2",0.000588134842541808
"RDF025m",0.000586487322060146
"X4A",0.000585945413050535
"H1e",0.00058014937233032
"F03.C.O.",0.000580085096277329
"Mor17s",0.000579191643534339
"E2v",0.000574906067730382
"RDF085s",0.00057425522813327
"MATS5e",0.000573943066342434
"Mor22m",0.000569828966447652
"SMTIV",0.000568552370270876
"SpMin3_Bh.s.",0.000565414115628851
"ASP",0.00055891222306427
"DLS_04",0.000555782679745269
"Mor11e",0.00055358351800181
"MATS7e",0.000552459802078856
"MATS2i",0.000551446178874248
"Eig05_AEA.dm.",0.000550871465797032
"MATS5s",0.000547786383223254
"Mor18s",0.000547213601223113
"C.",0.00054594084840513
"TDB07i",0.000545699281532917
"AAC",0.000545079033539603
"SpMax2_Bh.s.",0.000537863020454053
"SpDiam_B.s.",0.000536334017991824
"H6u",0.000535773353186569
"Eig02_AEA.dm.",0.000535387437511219
"G1p",0.000534742237235584
"SpMax1_Bh.s.",0.000532361685720895
"Mor30e",0.00053193853090694
"R3s",0.00052882944479889
"TDB05e",0.000526987476923127
"RDF040i",0.000521582293790318
"MATS2v",0.000520960666148786
"CIC4",0.00052083301309989
"Mor10u",0.000518758879197989
"Mor06p",0.000511154496389405
"R1e.",0.000506559827318789
"MATS6m",0.000506094870603995
"HATS6e",0.000503287039541221
"ChiA_X",0.000499555172901096
"TDB02m",0.000496955266694338
"ATS3s",0.000495936297963498
"Mor26e",0.000495234792438854
"SM06_AEA.dm.",0.000492256230385316
"SpMin1_Bh.m.",0.000488988325749424
"X2v",0.000487209924077709
"BIC5",0.000486290090648588
"VE2_B.s.",0.000481804502607667
"ZM2Mad",0.000481406356214464
"R4v.",0.000479243850038237
"Mor16p",0.000478903940092529
"HATS0e",0.000477774789122947
"VE1_RG",0.000473728894208809
"JGI3",0.000472911287852817
"Mor09s",0.000471871986766436
"VE2_Dz.Z.",0.00047021199650434
"PW3",0.00046849877339269
"Mor27i",0.000466250316785491
"Mor18m",0.000464827581197871
"TDB06s",0.000462801177138732
"RDF025p",0.000453771529957444
"Mor10m",0.000451424742702179
"MWC04",0.000449184907673312
"P_VSA_MR_5",0.000448149295743467
"SM14_AEA.dm.",0.000441963624146721
"H5i",0.000438132158360831
"SpMax1_Bh.i.",0.000437731680601633
"ATSC4e",0.000437403195378333
"HATS5p",0.000436841762832253
"MCD",0.000436803064265273
"Mor08i",0.000435338103430502
"R7u",0.000434377978181991
"Mor05v",0.000434108478032829
"HATS5u",0.000433732979941235
"GATS5s",0.000432853728891498
"VE1_G.D",0.000430490091499838
"Mor12u",0.000429082311687489
"RDF060s",0.000427788954942786
"DISPp",0.000426910534662603
"R2e",0.00042609160422216
"Mor04u",0.000425977779351703
"MATS5p",0.000425304817916251
"RDF045s",0.000423853239186397
"P_VSA_LogP_2",0.000423029006233028
"Mor20s",0.000422856885412654
"MATS2m",0.000420836311289863
"SM1_Dz.i.",0.000418230876730615
"HATS3s",0.000417418454861004
"GATS2e",0.000416873407785968
"X3A",0.000410747917103908
"Eta_B",0.000407468960867174
"HATS8s",0.000406982872595665
"Mor16u",0.000406575059669444
"SIC0",0.000406484551972383
"E3p",0.000406380079898185
"RDF075v",0.000405905872260263
"X4v",0.000403575605802133
"CIC0",0.000400217845426344
"piPC06",0.000399412807174109
"R2s.",0.000397524769098293
"SCBO",0.000394745571271118
"Mor06s",0.000393776352031427
"SpMin2_Bh.s.",0.000392603282823563
"R1s.",0.000391997126312287
"D.Dtr06",0.000389860739582092
"Mor03e",0.000389471515439538
"HATS4m",0.000388652220622952
"BIC3",0.000385927601377433
"E3v",0.000383846876408691
"SpMax1_Bh.p.",0.00038297579411477
"L3u",0.000381162326246274
"SpMax1_Bh.m.",0.000380280852750495
"Mor04v",0.000377075563808944
"SIC2",0.000375991133465744
"Eig13_EA.ri.",0.000374518776143766
"E1i",0.000372581712946528
"ATSC3e",0.000372060734676509
"Mor18p",0.000370597619234834
"Eta_F_A",0.000370469691275339
"SM03_AEA.dm.",0.000369976784386798
"Gm",0.000365836842851459
"Mor14i",0.000363933898012323
"SM06_EA.bo.",0.000363228079951005
"ISH",0.000362892198419615
"LPRS",0.000361447691047739
"Mor15u",0.000359319108206272
"Yindex",0.000359032348589589
"Mor27s",0.000358328372139402
"HATS7v",0.000354798878683985
"MATS1i",0.000352925729447926
"SIC1",0.000350509291234931
"GATS3m",0.000349468348815063
"MATS6s",0.000347694266120618
"WiA_Dz.Z.",0.000345579870926962
"R1s",0.00034551205824002
"AECC",0.000344448088316203
"GATS3s",0.000344158149055809
"Mor08u",0.000342660592099989
"H2s",0.000340571365290901
"R4m.",0.000340052989581953
"Mor09v",0.00033989435477637
"DLS_cons",0.000337869544578318
"CIC2",0.000337231715283785
"Mor03m",0.000335426381487434
"SIC4",0.000329765618821499
"TDB05i",0.000327967088794576
"Mor32p",0.000324960474131599
"MDDD",0.000324937747853836
"RTs",0.000324735789991966
"Mor04s",0.000324706349125008
"Mor07s",0.000322698509243665
"MATS3s",0.000322051526465754
"G2s",0.000319730047862202
"VE2_G.D",0.000317971815490929
"P_VSA_MR_4",0.000317649053006632
"Dm",0.000315970689668175
"H2u",0.000315240546464605
"J_Dz.Z.",0.000314706562098169
"L2u",0.000311467647318519
"RDF015m",0.000309243556294207
"X1Per",0.00030912994871288
"VE1_B.s.",0.000304231803957731
"SPI",0.000303939223836876
"HATS2p",0.00030309180656907
"Mor13u",0.000301900499524982
"Eig08_EA.bo.",0.000300319037415436
"ATSC1v",0.000299936566620826
"ATSC6v",0.000298888893611436
"IC2",0.000298762964427644
"R7p",0.000298117440360523
"HATS0m",0.000297751874076237
"SpMin5_Bh.m.",0.000297698591983267
"ZM2V",0.000296674357605987
"AVS_B.s.",0.000294884192045455
"JGI7",0.00029414306162661
"IVDE",0.000292344972342379
"GATS2p",0.00029062212640514
"S1K",0.000290246691591963
"VR2_D.Dt",0.000289207888094774
"HATS5s",0.000286594725736803
"P_VSA_m_2",0.000285857416579644
"HATS1u",0.000283662774889852
"Mor09p",0.000283367873290793
"AVS_B.i.",0.000282194641896326
"MATS5i",0.000281568411231747
"L2m",0.000281201589828934
"SpMin1_Bh.i.",0.00028104041329019
"MATS3e",0.000280203219874235
"Mor30p",0.00027953735806026
"WiA_Dz.p.",0.000279183134485195
"De",0.000278950041872637
"MATS4p",0.000277942562267108
"SPH",0.000277919965725655
"ATSC7e",0.000277807549417644
"R2i",0.000277648864350284
"SpMaxA_AEA.ed.",0.0002774875613748
"G3i",0.0002771804907922
"Eig09_AEA.dm.",0.000275171529446996
"MEcc",0.000273724696407667
"Eig02_EA.dm.",0.000273418349551758
"RDF090p",0.00027254646030909
"SPAM",0.000271769851088092
"P2v",0.000271170098779379
"TDB04e",0.000270465582813139
"RDF020v",0.000266200767506751
"J_D",0.000265521014176584
"E2e",0.000265191274950871
"MLOGP2",0.000264105448845181
"Mor05s",0.000261953361127406
"MATS4i",0.000258943595537043
"Qindex",0.000258537264606644
"Eig13_AEA.bo.",0.000256818405024304
"Mor15m",0.000256581531244712
"TIC2",0.000256559598863934
"E2i",0.000252064032530699
"Eig06_AEA.ri.",0.000251712529362252
"SpMAD_L",0.000251297457933474
"PJI3",0.000251087526048598
"R1u",0.000250621286033917
"TDB08p",0.000250419418383666
"CATS2D_06_LL",0.000250267133478735
"X3Av",0.000250081993286081
"SpMax_B.m.",0.000247532911261918
"RDF015u",0.00024714390406998
"L.Bw",0.000247033181775042
"R6u.",0.000245151883234419
"ATS6v",0.000244552207196482
"Mor12s",0.000244247205810804
"Mor17u",0.000241267615430432
"GATS7p",0.000240934456271752
"E2m",0.00023490649939855
"VR1_G.D",0.000234136022850985
"PW5",0.000233789967332971
"BIC0",0.000232878383644313
"Mor07p",0.00023203745996026
"ON0",0.000231714080017891
"MATS8i",0.00023145662881898
"Mor04m",0.000230827015085436
"Mor23p",0.000229619650570119
"MSD",0.000229030868349955
"Mor22v",0.000227527202879869
"SpMax3_Bh.v.",0.000227393695037415
"G2p",0.000223761208829021
"SpMin2_Bh.v.",0.000221606667844609
"RDF035s",0.000221227326967596
"B04.N.O.",0.000220119786196495
"TDB09u",0.0002195053954788
"TDB07s",0.000219437857220062
"ATSC7v",0.000218390199800429
"SpMAD_EA.dm.",0.000217763498580183
"GATS7e",0.000217559918837046
"RDF065s",0.000217421293059894
"Mor28p",0.000214030312248522
"X0v",0.00021399654367125
"Mor27e",0.000213480687130208
"R1v.",0.000213339457329206
"Mor31m",0.000213055726507746
"Chi_G.D",0.000212150340940225
"MATS7v",0.000211826116338763
"TDB06r",0.000211818346821343
"J_Dz.e.",0.000210332182248732
"RDF010u",0.000209379334303056
"X0Av",0.000208269131844027
"CENT",0.000208263203607217
"VR1_G",0.000207622974384501
"E1e",0.000206781081000488
"H1i",0.000206168894510163
"SpMax3_Bh.s.",0.000206115427257312
"H1m",0.000205768248066544
"Mor11v",0.000204502406864783
"MATS2s",0.000203706859766331
"RDF065m",0.000203674865227393
"Mor10p",0.000203661440772468
"RDF030p",0.000203596778798944
"RTv",0.000203265298233359
"ATSC4m",0.000201274996194131
"Eig12_EA.dm.",0.000201217010234532
"SpMax2_Bh.v.",0.000200884518425225
"H0m",0.000200309078664597
"GATS2i",0.000199493701517846
"Mor13p",0.000198065606694669
"CIC1",0.000197060771594207
"ATS6i",0.000196951665432378
"H6s",0.000194784278672731
"R1u.",0.000194177392042738
"GATS8e",0.000194171496110935
"JGI6",0.000193294016875189
"SpMin3_Bh.i.",0.000192371609668199
"H.",0.000192175800048476
"RDF010p",0.000190131602999661
"MATS1p",0.000190002961950248
"GATS4v",0.000188789565758617
"X1Mad",0.00018873031808064
"ATS5i",0.000188595262909875
"RDF080v",0.000186819093695103
"X5",0.000186207838928809
"SpMax4_Bh.m.",0.000185743741861155
"Vindex",0.000182151184048502
"RDF020m",0.00018083086079069
"SpMaxA_G.D",0.000180150173600258
"HATS4i",0.000179529567611533
"HATS5m",0.000179063457966368
"R4p.",0.000176818530946538
"H5s",0.000176659748128417
"Mor03v",0.000173204389181391
"Mor23e",0.000171502169592056
"Ho_Dz.i.",0.000167362436161215
"SM14_AEA.bo.",0.00016529294663337
"Mor16v",0.000164187772738437
"X4",0.000162970026891482
"Eig09_AEA.ri.",0.000162672299628619
"HATS1s",0.00016077492288385
"R3m.",0.000160653936795613
"Mor06u",0.00016062600533782
"RDF035u",0.000160318064218373
"Mor32m",0.000159870360168124
"TDB04m",0.000159055688283117
"ATS4p",0.000155866324360443
"GATS5v",0.000154801181417268
"GATS4m",0.000153387995618734
"SpDiam_L",0.000151662489313452
"Mor18i",0.000151460277643883
"SpMax4_Bh.p.",0.000151292279402948
"HATS8v",0.000151187753124688
"Mor29u",0.000151043183118949
"SM12_EA.bo.",0.000150836012870331
"Dv",0.000150826174437963
"SpMAD_AEA.dm.",0.000150185615484601
"R3i",0.000149708819981062
"TDB05r",0.000148237073129993
"SdsCH",0.000145023530450326
"R2e.",0.000144753582232326
"T.O..S.",0.000144725861360057
"S0K",0.000143500352077903
"TDB07p",0.0001429066084133
"HATS1i",0.000142747514552807
"SpMax_AEA.dm.",0.000141097068992656
"X1A",0.000140085845077443
"Di",0.000139960310371388
"SM12_AEA.bo.",0.00013970363542019
"Mor02s",0.000138783002908361
"SAtot",0.000137696148126093
"H1s",0.000137487382945162
"VR2_Dz.i.",0.0001372662475686
"JGI1",0.000136722345909805
"SpDiam_Dz.v.",0.000135313912437574
"ATSC6s",0.000135226952563707
"Mor24p",0.000134469830142057
"Eig12_AEA.bo.",0.00013403034736033
"RDF050e",0.000133975278474287
"E3m",0.000133168196462284
"ATSC5p",0.000132154813120269
"RDF045u",0.000131884566212155
"SpMaxA_EA.dm.",0.000131329025269772
"HATS4e",0.000131236081030536
"Mor15s",0.00013121098497775
"ATSC7s",0.00013108157455799
"Eig06_AEA.bo.",0.0001309506163952
"Mor23m",0.000130409714334766
"Mor26s",0.000129005650355371
"R1m",0.000128826134387076
"RDF040v",0.000128783877939685
"Mor02p",0.000128691940495554
"Mor11p",0.000127744900411396
"G2e",0.000126004335550103
"GATS5p",0.000125780785459459
"VE2_D",0.000125595270370899
"ATSC5e",0.000124436919868155
"HATS4p",0.000123115298669632
"RDF105m",0.00012271926268524
"R1e",0.000121678299521872
"HVcpx",0.000120219440642111
"SpPosA_B.e.",0.000119247618991758
"SpPosA_RG",0.000119003309025858
"VR2_A",0.000118262952054214
"Mor24v",0.000117288195182926
"Mor06v",0.000116204739387618
"SpAD_EA",0.000115887804284436
"Chi_Dz.v.",0.000115763843835733
"HATS2e",0.000115596097654687
"ZM1",0.000115516154733754
"GATS4e",0.000115126181101685
"RDF020i",0.000114844370287851
"R8e.",0.000113612866800255
"VE1_Dz.Z.",0.000112906664060035
"VE1_Dz.p.",0.000111252483663194
"R1p.",0.000111242832396592
"P2p",0.000110316498499622
"R7i.",0.000109393985624028
"GATS5e",0.000109343999564366
"HATS8m",0.000109006821911091
"CATS2D_05_AL",0.000108839678803172
"ATS4e",0.0001080098861555
"SM12_AEA.ri.",0.00010727488770337
"R5v.",0.000106068005473674
"HATS1m",0.00010581118707434
"AVS_RG",0.000104976886442148
"R7v.",0.000104710018718075
"SM6_X",0.000104686597952521
"SM4_B.m.",0.00010446427765405
"R3s.",0.000104095727332832
"ATSC3m",0.000103776735460298
"AVS_B.p.",0.000102313358098056
"piID",0.000102124797325811
"TDB09i",0.000102022585250092
"SpMax1_Bh.e.",0.000101477711910856
"RDF085u",0.000100877517317692
"Mor07v",0.000100158306879799
"SM06_AEA.ri.",0.000100130683609147
"H5u",9.92917608701726e-05
"CIC5",9.88375382212006e-05
"Mor25v",9.85641278198527e-05
"Eig11_AEA.ri.",9.84169528706265e-05
"Eta_L_A",9.84136184804672e-05
"HTv",9.83778684357216e-05
"Du",9.82210550439318e-05
"RDF085m",9.73969352610167e-05
"Mor25e",9.73626822213675e-05
"Mor20i",9.73266774170542e-05
"MPC04",9.69171189629042e-05
"SpMax3_Bh.m.",9.67599837818842e-05
"R3p.",9.67334618665715e-05
"RDF065i",9.65274064346666e-05
"Psi_i_1",9.6105986046758e-05
"G1i",9.59198323218814e-05
"LOC",9.58396823658084e-05
"GATS8m",9.38215166169543e-05
"R5p.",9.38034093050453e-05
"Mor26u",9.37831695136563e-05
"TDB03p",9.24531855131326e-05
"VE1_B.v.",9.17788953898949e-05
"QXXp",9.17194186661513e-05
"Chi_Dz.Z.",9.15438722474994e-05
"X2A",9.00629400470913e-05
"Chi_B.s.",8.9967884511494e-05
"RDF040e",8.946250559581e-05
"JGI2",8.94083540526391e-05
"ATS2p",8.85856554626527e-05
"H0e",8.82411504375641e-05
"GATS6p",8.81906858192589e-05
"X4Av",8.73752311440924e-05
"SpMin3_Bh.m.",8.61969791036317e-05
"Chi_Dt",8.61503568745782e-05
"Mor20p",8.61394955412597e-05
"MATS3i",8.61027583565528e-05
"R7p.",8.58768501089979e-05
"X1Kup",8.5225481095956e-05
"RDF050u",8.51985543254831e-05
"SpPosA_B.p.",8.48702093849457e-05
"TDB08u",8.48464908468523e-05
"Mor03p",8.44985914181444e-05
"JGI4",8.44969786465991e-05
"Mor20v",8.42100695951141e-05
"R2v.",8.27410057269443e-05
"SM08_AEA.ri.",8.23794329601855e-05
"TDB06i",8.21671513820623e-05
"Mor26i",8.17651581441042e-05
"G3e",8.12658095554759e-05
"Mor27u",8.12428331947536e-05
"Mor14v",8.11915621514794e-05
"IDE",8.09091922921899e-05
"L1v",8.08511915510538e-05
"MATS8e",8.02360200826413e-05
"RDF145u",7.96197014792799e-05
"ATS6e",7.94023636310846e-05
"Xindex",7.87556231694322e-05
"SpMin1_Bh.s.",7.86847972123167e-05
"AROM",7.86442358714063e-05
"Wap",7.82343614401443e-05
"HATS0v",7.66644332213622e-05
"E1p",7.56542916512126e-05
"DISPv",7.56292258523589e-05
"H.052",7.46121090700849e-05
"GATS6m",7.46057579315842e-05
"Mor32e",7.45968323249717e-05
"SpMax_B.s.",7.40569005062805e-05
"R8m",7.39948054658023e-05
"L2e",7.35672496372944e-05
"SpMax7_Bh.s.",7.33551323615353e-05
"L1m",7.28177302097997e-05
"H5v",7.25609663103127e-05
"R4u.",7.2440953818824e-05
"QXXe",7.23656114704631e-05
"piPC08",7.2243535921345e-05
"RDF120u",7.19594789100346e-05
"AVS_B.m.",7.18933764160994e-05
"G3v",7.1116715008654e-05
"SpMax4_Bh.s.",7.08491841734397e-05
"R6m.",7.04581256027326e-05
"F01.C.O.",7.0423235462341e-05
"SM04_AEA.dm.",7.02160705088533e-05
"HATS7i",6.99393679211476e-05
"Eig08_EA.dm.",6.93447749491045e-05
"BIC1",6.89671261552753e-05
"HATS3p",6.86962135944714e-05
"GGI4",6.85834497250852e-05
"Eta_sh_y",6.84510349210399e-05
"Mor17i",6.71369956814278e-05
"TDB07r",6.68564127058341e-05
"ChiA_Dz.p.",6.67639654770082e-05
"GATS7v",6.65700852439834e-05
"nO",6.60585893128786e-05
"ICR",6.59932700609793e-05
"ARR",6.59734890745271e-05
"Ke",6.55177507011569e-05
"SM10_AEA.bo.",6.51376973566834e-05
"SsssCH",6.43073771343941e-05
"HATSp",6.42027700852594e-05
"SpMax7_Bh.m.",6.40881746216092e-05
"RDF120m",6.38301187657164e-05
"nBO",6.36945528168538e-05
"Eig06_EA.ri.",6.29793884203034e-05
"Eig11_EA.bo.",6.25732877104808e-05
"SM15_AEA.ri.",6.22070491376115e-05
"GATS3i",6.15958908549051e-05
"R5v",6.11958036557979e-05
"SM04_AEA.ri.",6.09727969148266e-05
"SpMaxA_AEA.dm.",6.08627475185142e-05
"SpDiam_X",6.08108430983285e-05
"R6m",6.03990432710252e-05
"Mor16i",6.02357052661783e-05
"RDF095m",5.9502674942478e-05
"SpMin1_Bh.v.",5.92864251876045e-05
"HATS1p",5.90009000895607e-05
"X1MulPer",5.86017285539909e-05
"RDF035e",5.8125592870219e-05
"H1p",5.79384399697549e-05
"SpMax1_Bh.v.",5.78607161481194e-05
"P2s",5.78556614051808e-05
"R7u.",5.77479225909775e-05
"Mor08v",5.73505961517239e-05
"QXXi",5.71030883768053e-05
"Mor20m",5.6834845076357e-05
"HATS2s",5.60831231242992e-05
"Mor15p",5.59202453504208e-05
"TDB08r",5.55721923870768e-05
"SpMax_B.v.",5.55455749198865e-05
"VR2_D",5.52492338935319e-05
"GATS6i",5.51022115778404e-05
"Eig09_AEA.bo.",5.50712578880754e-05
"Eig10_AEA.bo.",5.43419799638271e-05
"SdssC",5.36240068561223e-05
"ATSC1i",5.34035633611496e-05
"MATS1v",5.32172121619139e-05
"ATSC3s",5.30149982434534e-05
"SpMaxA_Dz.i.",5.2615546764845e-05
"SM5_X",5.21946027260937e-05
"HATS2u",5.2000683683862e-05
"HATS4u",5.19612322033753e-05
"X3sol",5.19449604872891e-05
"R3p",5.14221004577056e-05
"G3p",5.13518935999736e-05
"VR1_Dz.Z.",5.12763821282986e-05
"SpMaxA_EA.ed.",5.09987541310114e-05
"TDB07v",5.03904479200593e-05
"HATS3m",5.03133934613175e-05
"GGI3",5.02617298118086e-05
"RTm",5.02252105347211e-05
"Mor20u",5.02107862625594e-05
"Eta_betaP",5.01561651284858e-05
"Mor17v",4.89958404156877e-05
"ChiA_B.s.",4.85627325995139e-05
"Mor02v",4.85317613322813e-05
"RDF030u",4.80181470905939e-05
"ATS5v",4.79639210039751e-05
"SpMAD_AEA.ed.",4.79614471390691e-05
"R7s.",4.7919541021716e-05
"AVS_Dz.p.",4.79179045632548e-05
"Eig07_AEA.bo.",4.7547390503985e-05
"SHP2",4.75010199034603e-05
"GATS1e",4.74227882671887e-05
"HATS5v",4.71597103554258e-05
"piPC02",4.70126256300696e-05
"SpPosA_D.Dt",4.68249644412632e-05
"RDF045m",4.67942278971938e-05
"CATS2D_03_AA",4.65056691714918e-05
"R4m",4.64742357248477e-05
"SpMAD_B.m.",4.60432293643892e-05
"GATS8i",4.59928591533552e-05
"R8u.",4.5941311541312e-05
"Mor22u",4.58552136360162e-05
"GGI6",4.57560450745832e-05
"ATSC2i",4.57148747682705e-05
"RDF075u",4.53783017055628e-05
"TDB06v",4.42922558314741e-05
"SM3_B.v.",4.38787357239119e-05
"SpMaxA_H2",4.38566968254827e-05
"Mor05m",4.3811248786592e-05
"Eig08_AEA.ri.",4.34164370250951e-05
"P_VSA_LogP_1",4.32342912701083e-05
"HATS6s",4.2672720397469e-05
"P2m",4.23476283035212e-05
"ATSC7m",4.22048223204272e-05
"HyWi_Dt",4.21190327693023e-05
"ChiA_B.v.",4.16472185398151e-05
"Eig08_AEA.dm.",4.1230122722573e-05
"L2p",4.04151708918107e-05
"SpMAD_B.p.",4.01545366323023e-05
"X3",3.99107029169751e-05
"AVS_B.v.",3.97787739798862e-05
"TDB08s",3.95812651137473e-05
"HATS1v",3.91238999650481e-05
"R4s",3.90384430009269e-05
"Mor17e",3.88636889846439e-05
"Mor14s",3.86776968439226e-05
"RDF070p",3.83586585816e-05
"GATS8v",3.83322242799707e-05
"L3s",3.78208768180289e-05
"GATS5i",3.75591394889834e-05
"Eig13_EA.dm.",3.73842493901548e-05
"Mor29m",3.71298944505686e-05
"R5p",3.7026753276246e-05
"H_Dz.Z.",3.67649446605852e-05
"SpMin2_Bh.m.",3.67539756946154e-05
"H.047",3.67492877545079e-05
"TDB06u",3.64893440970608e-05
"SpMaxA_B.m.",3.63930020658238e-05
"TDB03s",3.59261596967493e-05
"HATS8p",3.55883316564364e-05
"MATS8m",3.52084300054104e-05
"H2v",3.49554921208822e-05
"SpDiam_B.m.",3.47616838499887e-05
"H2m",3.47108121494117e-05
"VE1_D.Dt",3.46135596314307e-05
"P_VSA_LogP_5",3.45749625820808e-05
"Eig06_EA.dm.",3.43588257091229e-05
"Eig10_EA.bo.",3.43138380225258e-05
"VE2_Dz.v.",3.42976872847328e-05
"P_VSA_m_3",3.42015525314874e-05
"HTm",3.41263154743187e-05
"X3v",3.40991381421158e-05
"ATS8e",3.37019444069198e-05
"Eta_beta_A",3.35788550446387e-05
"H3u",3.35123789620328e-05
"Mor21u",3.34990369563247e-05
"VE1_A",3.32521040738544e-05
"G3s",3.30084205333581e-05
"GGI5",3.30064541102448e-05
"Mor31s",3.29220543392297e-05
"Eig06_EA.bo.",3.28499445599984e-05
"Mor15v",3.27844072786064e-05
"R3m",3.25783739984282e-05
"Mor09i",3.24392758833648e-05
"Mor31e",3.23750711195149e-05
"X1v",3.23485857965324e-05
"Psi_i_0",3.23166027619544e-05
"Eig05_EA.ri.",3.16101515187489e-05
"HATS5e",3.14077972517681e-05
"X2",3.11980302482999e-05
"nCsp3",3.1105885892952e-05
"ATSC1m",3.10901183007621e-05
"Mor03u",3.09197034491965e-05
"RDF095u",3.08711015986607e-05
"RARS",3.07034553199629e-05
"R5i",3.06835748655918e-05
"SM05_AEA.ri.",3.05671594828214e-05
"HATS3e",3.05560826576066e-05
"R3v.",3.04425386717007e-05
"SpPosA_A",3.0201093248727e-05
"SpPosA_Dz.i.",3.01654985291939e-05
"HATS2m",2.97860646524811e-05
"SpPosA_H2",2.97558626440093e-05
"Mor19i",2.96747891734746e-05
"R3v",2.96720167145739e-05
"P1u",2.9636768345966e-05
"RDF105v",2.94698586971996e-05
"SpDiam_EA.ri.",2.94044318197584e-05
"SpMAD_B.s.",2.93375126733726e-05
"RDF035i",2.89558760212285e-05
"H4e",2.85817676718073e-05
"Mor28m",2.85095919126162e-05
"BAC",2.83548373620835e-05
"DLS_02",2.79125886179131e-05
"EE_B.s.",2.78306139780046e-05
"Mor17p",2.77547614288776e-05
"QYYm",2.7658888348754e-05
"Mor25i",2.75841154292521e-05
"RDF055u",2.75367181440725e-05
"TDB03r",2.73408812709383e-05
"J_RG",2.72277079480609e-05
"H_Dz.v.",2.63800199380927e-05
"Eta_betaS_A",2.63518203963735e-05
"MPC03",2.63002906446841e-05
"H0i",2.60938784216068e-05
"GATS4i",2.60536757872854e-05
"ATSC8s",2.59375664350411e-05
"SaaN",2.59222157076233e-05
"Eig08_AEA.bo.",2.5863547515234e-05
"R4p",2.5676539571468e-05
"SpMAD_B.v.",2.55773507220716e-05
"ChiA_B.e.",2.55055283946904e-05
"RDF050m",2.54391500839944e-05
"Eig03_AEA.ed.",2.5399154247703e-05
"HATSv",2.53984944691603e-05
"Eig10_EA.dm.",2.53626660790582e-05
"Eig05_AEA.bo.",2.52000038063373e-05
"Uindex",2.50305045612624e-05
"Dp",2.50133872197732e-05
"SpMin3_Bh.p.",2.47254023890463e-05
"Chi_B.i.",2.46767686072284e-05
"ATSC2p",2.45741856814054e-05
"H4v",2.44082980718965e-05
"ATSC4v",2.42896580910593e-05
"TDB06e",2.42052458285185e-05
"SssCH2",2.41366894548467e-05
"GGI2",2.4053076984635e-05
"HATS7e",2.39282332068619e-05
"Mor18v",2.36854161798666e-05
"SpAD_L",2.36003764935368e-05
"TDB05v",2.34733824859235e-05
"TDB07u",2.33655610963345e-05
"RTi.",2.31721938147753e-05
"R5u",2.29435435231601e-05
"RDF025u",2.29061092659501e-05
"VE2_Dz.i.",2.28953326086994e-05
"ATSC4p",2.28603896142887e-05
"RDF130u",2.27494668902164e-05
"Mor30u",2.26018942869793e-05
"GATS4p",2.25416954072153e-05
"R5m",2.2538991408586e-05
"Mor06m",2.23030444122496e-05
"Mor12e",2.22310637436079e-05
"Mor12m",2.20998857128812e-05
"HTi",2.2091198083219e-05
"E3e",2.205323435347e-05
"QXXv",2.20480056126715e-05
"Eta_alpha_A",2.20432186034688e-05
"H4p",2.19252695500981e-05
"G1u",2.19115595789751e-05
"TDB10s",2.19087562716879e-05
"TDB02s",2.18359623113438e-05
"Eig09_EA.dm.",2.15933349644028e-05
"SpMax8_Bh.s.",2.14956752360749e-05
"nAB",2.14485222368865e-05
"CSI",2.12047466315568e-05
"SpMax_EA.ri.",2.11629574515153e-05
"Eig10_EA.ri.",2.108170480413e-05
"R4i",2.10639072718857e-05
"VR2_Dz.Z.",2.05607291965224e-05
"Ram",2.0372363942172e-05
"R6p.",2.0366163175921e-05
"GATS3v",2.02917207306144e-05
"SPAN",1.92241028976211e-05
"Mor25s",1.91953422743412e-05
"VE2_D.Dt",1.90457636891588e-05
"Psi_e_0",1.88295768167126e-05
"VE3_B.v.",1.8794552067481e-05
"R6p",1.85526185847062e-05
"ATS7p",1.84644889996479e-05
"Eig13_AEA.dm.",1.84469599142197e-05
"R6e",1.83132980333746e-05
"R8m.",1.82007426176234e-05
"HyWi_B.m.",1.81818058721432e-05
"ATSC2m",1.81747324019623e-05
"Eig03_AEA.bo.",1.81018691194712e-05
"H6v",1.79432898273697e-05
"Ks",1.78647322096063e-05
"R8s.",1.77909938083605e-05
"GATS8s",1.77814806240229e-05
"F02.C.O.",1.77634208648626e-05
"RDF065u",1.77544537219741e-05
"MATS7i",1.77298777682056e-05
"ATS3e",1.75784583960182e-05
"SM3_B.s.",1.75171220297987e-05
"SpPosA_Dz.p.",1.7504622042582e-05
"Mor09e",1.73771656217092e-05
"RTp",1.70248046030155e-05
"GATS1v",1.69042531414591e-05
"RDF095s",1.68435589209217e-05
"TDB02v",1.66027463598326e-05
"WiA_B.s.",1.64149095550214e-05
"TDB01m",1.62601786135888e-05
"TDB03v",1.5883410020093e-05
"Eig14_EA.dm.",1.57893879339734e-05
"Eig14_AEA.bo.",1.57449062793595e-05
"Psi_e_1",1.55375280236028e-05
"RFD",1.48407660850363e-05
"SpMAD_EA",1.47976812227389e-05
"ATS2v",1.47536503552103e-05
"SpMin3_Bh.e.",1.47014646950648e-05
"nBT",1.46521938271319e-05
"SM03_AEA.ri.",1.45548507028116e-05
"SpMax_B.e.",1.43085962098104e-05
"R8p.",1.42978244881796e-05
"Mor29v",1.42380237461415e-05
"SM08_AEA.dm.",1.41071553004491e-05
"Km",1.40658047676903e-05
"Eta_B_A",1.40259507724601e-05
"SpMAD_G.D",1.40087643947777e-05
"EE_B.m.",1.39280185810357e-05
"RDF050s",1.39117566400998e-05
"ATS5p",1.38925692031232e-05
"SpMin4_Bh.s.",1.38220568322547e-05
"HATS8i",1.37884836807607e-05
"C.028",1.3772699846191e-05
"Eig07_EA.ri.",1.37607374501251e-05
"TDB04v",1.37566825107234e-05
"VE1_X",1.34040398074106e-05
"SM15_AEA.dm.",1.32862679982327e-05
"RDF055s",1.32073597770386e-05
"GATS1i",1.3121407638907e-05
"H2e",1.30803831871181e-05
"Eig02_EA.ri.",1.29092099867315e-05
"GNar",1.28486862409165e-05
"Mor22i",1.28223842268097e-05
"E3i",1.27972164916504e-05
"L3e",1.27212399854416e-05
"RDF040p",1.26134078764211e-05
"HOMA",1.26124657339122e-05
"RDF030s",1.24534559130974e-05
"Mor29e",1.2345407838055e-05
"Mor11u",1.22786568598201e-05
"SM1_Dz.Z.",1.22669630978955e-05
"SpPosA_B.i.",1.21209424042341e-05
"G2v",1.20744458232465e-05
"Mor08m",1.19981505399162e-05
"RDF075p",1.19944864716441e-05
"SpMax_B.p.",1.18589276122226e-05
"TDB05s",1.15596938406578e-05
"VE2_B.m.",1.15179569024415e-05
"ATS3i",1.15119759233876e-05
"HTp",1.15035353890731e-05
"PHI",1.13747020117212e-05
"nCsp2",1.13076997110236e-05
"piPC03",1.12521815696912e-05
"ATSC8e",1.11316573946487e-05
"G1m",1.11092501928416e-05
"RTu.",1.10807766519879e-05
"RTv.",1.10616505871681e-05
"Mor18u",1.09175663544278e-05
"H0v",1.08752987568736e-05
"R2u.",1.07910898171511e-05
"SM5_L",1.077929500781e-05
"VE1_Dz.i.",1.07598034086362e-05
"X0A",1.07422629813647e-05
"Eta_epsi_A",1.07312794937959e-05
"NNRS",1.05728114170065e-05
"Mor13i",1.05714904083072e-05
"H.051",1.04683521703842e-05
"SpPos_D.Dt",1.04257121417038e-05
"RDF070m",1.04022837457716e-05
"RDF015p",1.03741927027225e-05
"R2v",1.01033278780014e-05
"RDF025i",9.98059601446488e-06
"HATS6v",9.90225352050443e-06
"TDB02p",9.88465738780072e-06
"SNar",9.8746022476122e-06
"P1s",9.77789178465791e-06
"Eta_beta",9.77351957296065e-06
"R5s",9.52519554212449e-06
"SM02_EA.dm.",9.49546153291583e-06
"ATS5s",9.44427837154988e-06
"ChiA_B.m.",9.26624114834106e-06
"Eig10_AEA.dm.",9.21584732923031e-06
"RDF090i",9.20897765009455e-06
"SM6_B.m.",9.09258025377953e-06
"H8m",8.93988011063035e-06
"VE3_RG",8.81058161784107e-06
"QZZm",8.79643779526552e-06
"HATS0p",8.79284852988545e-06
"SpMax3_Bh.i.",8.75028552821675e-06
"GATS2m",8.65916413534314e-06
"RDF140m",8.53981370717992e-06
"ZM2",8.5231319731611e-06
"RDF035v",8.49867674742557e-06
"SpMin5_Bh.s.",8.4232457875982e-06
"RGyr",8.39382109859433e-06
"Eig09_EA.bo.",8.21698848195807e-06
"P_VSA_MR_1",8.10889978085026e-06
"RDF080u",8.08328392234553e-06
"SdCH2",8.06650617916057e-06
"RDF125s",8.02525574015763e-06
"Eig12_EA.ri.",8.02105191165667e-06
"VE2_X",7.92677267221219e-06
"JGT",7.68894203514844e-06
"HATSm",7.67488377399849e-06
"RDF120v",7.60432036620787e-06
"IAC",7.47053028777383e-06
"WiA_Dz.e.",7.45251390939262e-06
"H4u",7.05959333942291e-06
"R2m",7.00281749326975e-06
"XMOD",6.97807984150252e-06
"R2u",6.96485514533228e-06
"nC",6.81622500688515e-06
"SpMax_B.i.",6.8061042148875e-06
"SpMax5_Bh.s.",6.46858000485724e-06
"Mor25m",6.44826046138218e-06
"X1",6.41158137496196e-06
"GATS2v",6.27645546168189e-06
"ECC",6.21634075386308e-06
"SpPosA_G.D",6.20457144923081e-06
"GATS7s",6.1399891633366e-06
"HATS4v",6.09149192344436e-06
"Mor12v",6.06320652175901e-06
"Mor31u",6.05094400387314e-06
"QYYe",6.03617055158711e-06
"Eig07_EA.bo.",6.01058043830446e-06
"Mor29i",5.95160506904913e-06
"RDF030m",5.82532594986134e-06
"H3s",5.82291255496756e-06
"X2Av",5.80112996176186e-06
"SpMax_EA.bo.",5.76678341616131e-06
"Mor14m",5.75522615388556e-06
"WiA_Dt",5.66038306498159e-06
"SpMax7_Bh.e.",5.53824173922427e-06
"Mor19m",5.5000062874871e-06
"TI2_L",5.48552642494248e-06
"SM11_AEA.dm.",5.44411416549785e-06
"Chi_Dz.e.",5.41612141315395e-06
"SsOH",5.35107198581834e-06
"piPC09",5.35036006211488e-06
"ATS2m",5.22139934142496e-06
"PDI",5.21560119774814e-06
"PCD",5.09757226251099e-06
"SpMAD_H2",5.08516227029352e-06
"ZM2Kup",5.07826469288835e-06
"ATS3m",4.99540138450077e-06
"RDF080s",4.91971743490461e-06
"F04.C.O.",4.84138769736286e-06
"ATS6m",4.80589674572726e-06
"SpMax7_Bh.i.",4.80115679766209e-06
"nS",4.76577847583676e-06
"Eta_FL",4.64750326991011e-06
"nSK",4.64510698338158e-06
"HGM",4.58459488064461e-06
"Eta_C_A",4.49531730210227e-06
"SM12_AEA.dm.",4.42425165816458e-06
"nR06",4.3797512869731e-06
"ZM2Per",4.34494644639136e-06
"HATS7p",4.2903603018064e-06
"TDB04r",4.25693740085964e-06
"RDF070e",4.23767441409512e-06
"Mor10v",4.06486589591189e-06
"Mor27v",4.04534999127362e-06
"Mor31p",4.02961318245756e-06
"Mor19s",3.99579807385895e-06
"Hy",3.90039117183162e-06
"Mor06e",3.85199357322006e-06
"SpPos_Dt",3.84481202079673e-06
"RDF055v",3.8422642813116e-06
"R4u",3.7158800561491e-06
"R6v.",3.69993911115289e-06
"Eig03_AEA.dm.",3.69778425693355e-06
"H5e",3.66603423474999e-06
"Rperim",3.62986705933344e-06
"TRS",3.59040425435295e-06
"R4e",3.58841410195641e-06
"F04.C.N.",3.58690677027366e-06
"SpMax2_Bh.m.",3.52171436041158e-06
"H1u",3.46541127061121e-06
"RDF070s",3.4139335702342e-06
"MATS8v",3.36591065680858e-06
"Psi_e_1d",3.34379282665211e-06
"RDF050v",3.32042295350154e-06
"MWC06",3.3138921052812e-06
"G1",3.28558884634783e-06
"SpMAD_EA.bo.",3.27016945651853e-06
"SM05_AEA.dm.",3.24339778983192e-06
"Mor24e",3.18509306935303e-06
"SRW10",3.18017971157398e-06
"Mor22e",3.16746091593779e-06
"SpDiam_B.v.",3.159584822491e-06
"Mor19v",3.14500134377266e-06
"H0p",3.11824925004937e-06
"R7e.",3.04023083858154e-06
"ATS4s",2.80389545359878e-06
"Mor08e",2.79397012577189e-06
"Mor21e",2.79179215079638e-06
"RDF045i",2.74897175583814e-06
"MPC08",2.73339271950932e-06
"R2p",2.70955018051093e-06
"Eig10_AEA.ri.",2.69995389100225e-06
"SM02_AEA.ri.",2.69451785760487e-06
"SM07_AEA.ri.",2.69124131304637e-06
"MWC09",2.68670365227375e-06
"Eig04_AEA.dm.",2.68166032287529e-06
"R3e",2.66417683508206e-06
"ATS8s",2.61488671509343e-06
"Psi_e_0d",2.59446066309318e-06
"R6i.",2.50926229167582e-06
"SpMin1_Bh.p.",2.39021646012827e-06
"ATS1s",2.3779986601474e-06
"QZZe",2.30452163608003e-06
"TDB06p",2.29255963734835e-06
"ATSC4s",2.26458125949773e-06
"JGI8",2.24711381502417e-06
"Mor02i",2.24172891401164e-06
"H4i",2.13935519992841e-06
"SpMax_L",2.12944103062756e-06
"TDB04s",2.02584721078587e-06
"Dz",2.01359130726658e-06
"SM03_EA.ri.",1.94072850121855e-06
"Mor23i",1.94016950047804e-06
"GMTIV",1.90066044073895e-06
"Eta_FL_A",1.86723616102724e-06
"Mor12p",1.85331848531758e-06
"nCs",1.81224402278931e-06
"SpMin4_Bh.m.",1.79861102330506e-06
"R1v",1.78258589576629e-06
"Mor22p",1.77684053676904e-06
"Mor14e",1.74305106333156e-06
"TDB03u",1.74142767905481e-06
"HATS8u",1.71698999301952e-06
"UNIP",1.62022321464812e-06
"GGI1",1.61050730361051e-06
"Mor26v",1.60894614208163e-06
"ATSC6m",1.59643901205511e-06
"J_A",1.58401537985397e-06
"nR07",1.58242031732073e-06
"MPC05",1.54652043785961e-06
"ATSC5m",1.51513096520723e-06
"ChiA_B.p.",1.48246953039555e-06
"RDF075s",1.47406200350631e-06
"SpMAD_EA.ri.",1.46905470301569e-06
"R4v",1.4000817549119e-06
"VE1_H2",1.39062606996781e-06
"SpMAD_X",1.38952638135954e-06
"RDF070u",1.38726931387653e-06
"Mor28e",1.37935069986394e-06
"TPSA.NO.",1.36912416896829e-06
"VE1_B.m.",1.36435215425205e-06
"SpDiam_AEA.ri.",1.36426981999047e-06
"Mor04e",1.34677934539782e-06
"RDF075m",1.34356807769822e-06
"MPC07",1.32729577571786e-06
"RDF010v",1.25475293580084e-06
"QXXm",1.24917649243205e-06
"Mor02m",1.23909892210014e-06
"SM02_AEA.dm.",1.2167566650783e-06
"HATS8e",1.21403820688952e-06
"ATS8v",1.12144351404888e-06
"MPC10",1.11042981766966e-06
"SpMax_AEA.bo.",1.10700728613452e-06
"SM5_B.i.",1.09389500356601e-06
"H4s",1.08768052369044e-06
"JGI9",1.0716653478748e-06
"Eig12_AEA.ri.",1.0615002199391e-06
"GATS7m",1.05703078120206e-06
"RDF050i",1.03260851573394e-06
"SpAD_EA.dm.",1.02459446495845e-06
"SpMax6_Bh.v.",1.01808720600149e-06
"Rbrid",9.58601085884219e-07
"H3m",9.57835472821033e-07
"ATS5m",9.43909747007218e-07
"SpDiam_B.e.",9.36786783676704e-07
"Mor07e",9.28591651699678e-07
"QYYs",8.87529426340526e-07
"Eig11_EA.ri.",8.82369881620486e-07
"SaasC",8.68268448431169e-07
"Eig03_EA.ri.",8.62397909455915e-07
"RDF095i",8.40006686307174e-07
"P1e",8.3877041639884e-07
"R7s",8.35217046635682e-07
"SMTI",8.24234037823878e-07
"SM04_EA.dm.",8.11870050272242e-07
"Chi1_EA.ri.",7.83883759824522e-07
"SpDiam_EA.bo.",7.55033685775361e-07
"CATS2D_04_AL",7.49922646932711e-07
"SssO",7.41776793776176e-07
"SM13_AEA.bo.",7.34411586617022e-07
"SM13_AEA.dm.",7.34144769177451e-07
"TDB03m",7.23928900847673e-07
"P_VSA_i_3",7.23579641108972e-07
"nCbH",7.22515534540464e-07
"RDF035m",7.17530632967785e-07
"VR2_Dz.v.",7.17009880096208e-07
"R2p.",7.14634301911968e-07
"P_VSA_LogP_4",7.05817256083848e-07
"TDB07e",6.85266914070721e-07
"HTs",6.79918003501457e-07
"Mor03i",6.78802839696042e-07
"SpMin2_Bh.e.",6.69847152238746e-07
"R1i.",6.68111075157703e-07
"piPC07",6.62715122794995e-07
"SpMin2_Bh.p.",6.58424317488276e-07
"Eig14_EA.bo.",6.58171154358301e-07
"nCt",6.44596239234114e-07
"VE3_D.Dt",6.43772048907954e-07
"X2sol",6.18117254933742e-07
"RDF055e",6.13502387058219e-07
"Eig07_AEA.dm.",5.87703468603503e-07
"H8u",5.86960493854556e-07
"CATS2D_06_NL",5.77503556580217e-07
"SM5_B.m.",5.65615287943604e-07
"HATS6m",5.59772956491221e-07
"nCIC",5.50826930570702e-07
"SpMin2_Bh.i.",5.49240139648686e-07
"SM05_EA.bo.",5.48448956701528e-07
"HATS7m",5.4727548908406e-07
"R5e",5.43443621877315e-07
"RDF010m",5.16893875050534e-07
"Chi_B.m.",5.15687602601216e-07
"SpPosA_Dz.v.",5.07913336966205e-07
"SM03_EA.bo.",5.05487229128263e-07
"HATSe",4.98571797572586e-07
"J_G.D",4.90684317186698e-07
"SpMAD_B.i.",4.67352790844405e-07
"Chi_B.v.",4.65067870334532e-07
"J_Dt",4.34687077103836e-07
"ATSC5i",4.33666699587428e-07
"ATSC2v",4.16392212229538e-07
"SpMax3_Bh.e.",4.11946030518773e-07
"Mor05i",3.95752618056021e-07
"Eig04_AEA.bo.",3.94200334556381e-07
"Mor04p",3.93085769234865e-07
"B03.O.S.",3.83612431201631e-07
"P1v",3.75404792634413e-07
"AVS_B.e.",3.70010598298818e-07
"Ho_D.Dt",3.63252978920582e-07
"HOMT",3.57255646053174e-07
"CATS2D_02_NL",3.51424922392307e-07
"nHet",3.46087188855687e-07
"RDF060e",3.44725371005285e-07
"IDDM",3.40301273379274e-07
"HATS3i",3.26403400519673e-07
"VE2_A",3.26164112594737e-07
"Mor07i",3.125873715629e-07
"RTe.",3.0964303598038e-07
"P_VSA_LogP_3",3.08360218054214e-07
"Vu",2.99160041967557e-07
"RDF070v",2.90071474729873e-07
"TDB04p",2.8664833306537e-07
"G1v",2.83775988889664e-07
"ChiA_B.i.",2.81792545875429e-07
"H.049",2.76995920530791e-07
"TDB03e",2.6897918936863e-07
"QXXs",2.64137536544463e-07
"H_Dt",2.60922017859137e-07
"P_VSA_s_6",2.59270145556306e-07
"RDF030v",2.59112737292371e-07
"H7i",2.57681412255555e-07
"TI1_L",2.49251337302427e-07
"GMTI",2.46385532316639e-07
"SpAbs_B.p.",2.31769083601613e-07
"CATS2D_03_DL",2.25536721188299e-07
"HATSi",2.20623152743114e-07
"Am",2.18028114557463e-07
"SpMax5_Bh.p.",2.17818347438443e-07
"SM06_AEA.bo.",2.14897944149281e-07
"RDF085i",2.13883364682733e-07
"Eta_F",2.10529063960453e-07
"R1p",2.01492684606243e-07
"R7i",1.95746792572578e-07
"Pol",1.93310000717926e-07
"MPC09",1.87534777558645e-07
"VR2_G.D",1.8701384661841e-07
"nPyridines",1.8378659677497e-07
"SM07_AEA.dm.",1.83470322497442e-07
"nCIR",1.71279209710493e-07
"P_VSA_i_2",1.71160051631317e-07
"G1s",1.61926168319625e-07
"nArCHO",1.42820991925644e-07
"HATS5i",1.41433211768509e-07
"R8i",1.31804912259052e-07
"SM13_AEA.ri.",1.29416909710179e-07
"SpMax_AEA.ri.",1.28655795514866e-07
"R6s",1.16562172351061e-07
"TDB06m",1.15695016293371e-07
"P_VSA_s_4",1.13864910421489e-07
"Mor13e",1.09172219031087e-07
"VE3_A",1.05515211844996e-07
"IDM",1.00311472497694e-07
"SpPos_B.m.",9.65956268733095e-08
"VR2_B.s.",9.64537899572604e-08
"SpMAD_AEA.bo.",9.16565386260866e-08
"nBnz",8.87313856509497e-08
"RDF100e",8.69766254301315e-08
"Eig04_AEA.ri.",8.32198292579694e-08
"TDB10e",8.07307900307148e-08
"Chi_D",7.77633776035824e-08
"Mor04i",7.74794589072597e-08
"Eig09_EA.ri.",7.69561049442577e-08
"GATS1m",7.57910117524922e-08
"SM6_B.s.",7.55206987142341e-08
"Eta_betaP_A",7.47223665560142e-08
"WiA_Dz.i.",7.1191931503802e-08
"ATS5e",7.02769872813117e-08
"H3e",6.71175228665977e-08
"H7v",6.45937942340826e-08
"HATS1e",6.35911984948211e-08
"Eig12_AEA.dm.",6.05064262632934e-08
"MWC07",5.90655050888049e-08
"RDF015e",5.90594696437283e-08
"SpDiam_Dz.p.",5.8105513069331e-08
"TDB04i",5.58159145598547e-08
"VR1_Dz.e.",5.55444063262669e-08
"R8v.",5.22196892834802e-08
"Eig06_AEA.dm.",5.1341046359807e-08
"SpMax6_Bh.m.",4.92744386744893e-08
"CATS2D_03_AL",4.75904785349817e-08
"TDB01v",4.68614737446623e-08
"Eig11_AEA.dm.",4.47724949261324e-08
"R3u",4.47240312909578e-08
"Mor02e",4.37024805243458e-08
"RDF140p",4.36004516122313e-08
"Mor21i",4.30879773703374e-08
"RDF090u",4.30747570956197e-08
"SpMAD_B.e.",4.16299894295332e-08
"MWC05",4.13349308864294e-08
"Eig14_EA.ri.",4.0702589962271e-08
"H7m",4.01813307336579e-08
"H6i",3.98399377297141e-08
"R8v",3.92290262159592e-08
"RDF100u",3.81041892669962e-08
"VE2_Dt",3.79716268232131e-08
"P_VSA_v_2",3.60699552075807e-08
"SpDiam_Dz.Z.",3.56106296403646e-08
"C.001",3.40921054196818e-08
"SpMAD_EA.ed.",3.38383362307628e-08
"VR2_Dz.p.",3.30279839236903e-08
"L3v",3.27236767353402e-08
"RDF095p",3.21714190123367e-08
"Eig08_EA.ri.",3.20827731130737e-08
"R7m.",3.19391223916641e-08
"RDF105u",3.04303927483343e-08
"piPC04",2.98227630591678e-08
"Mor19e",2.8542952587332e-08
"QYYi",2.83728675141635e-08
"Mor09m",2.59794180454206e-08
"VE1_D",2.46546761889749e-08
"SM11_AEA.bo.",2.42925319901208e-08
"Wi_Dz.p.",2.33865375016326e-08
"RDF085p",2.31504856073842e-08
"SpAbs_Dz.v.",2.26697706102859e-08
"X0sol",2.23522411047114e-08
"REIG",2.23343475534135e-08
"G2",1.95171697036779e-08
"L3p",1.9481214015922e-08
"WiA_D.Dt",1.91354848448625e-08
"DP06",1.84950595730373e-08
"MWC08",1.84644438718157e-08
"RDF065e",1.81871150812781e-08
"SpMax7_Bh.p.",1.77405709227099e-08
"P_VSA_LogP_7",1.59214213772911e-08
"Au",1.54641354160621e-08
"P_VSA_MR_3",1.4804755423169e-08
"C.006",1.43635223492852e-08
"Wi_Dz.Z.",1.36309766356336e-08
"H2p",1.30790619975915e-08
"BID",1.12267605276237e-08
"MWC10",1.06843279902457e-08
"ATS3v",1.02870154140229e-08
"RDF070i",9.90076670745905e-09
"SpDiam_EA.dm.",9.54972863618232e-09
"ATSC3v",9.44497768048394e-09
"H6e",9.19440220566317e-09
"Mor14p",9.17877434162695e-09
"SpDiam_A",9.06683636357349e-09
"TDB03i",8.9771161904699e-09
"HATSs",8.9054863219329e-09
"SRW08",8.85345487673884e-09
"CATS2D_04_LL",8.40404494604067e-09
"L1p",8.35600186269075e-09
"Eig12_EA.bo.",8.10266443916956e-09
"QYYv",8.01149961922037e-09
"SpMax2_Bh.e.",7.93313838766015e-09
"VR2_Dt",7.16323074245001e-09
"ATS7m",6.38472871860678e-09
"HATS0u",5.956526715468e-09
"VR1_D.Dt",5.67290007177043e-09
"SpAD_B.s.",5.38163988460185e-09
"SM14_AEA.ri.",5.11643634057434e-09
"GGI8",4.85561353270289e-09
"SpMin1_Bh.e.",4.74173937035452e-09
"H3v",4.68989503431736e-09
"Wi_B.m.",4.63737537363474e-09
"Mor06i",4.58231976217423e-09
"RDF090s",4.35641040558323e-09
"ATSC3p",3.92903853035631e-09
"B02.N.O.",3.77218235102437e-09
"ATS2s",3.69740309973412e-09
"JGI10",3.60106201824468e-09
"SM06_EA.ri.",3.58852006097052e-09
"SpMax4_Bh.i.",3.54137586248215e-09
"H8v",3.27620431472237e-09
"SpMin4_Bh.e.",3.26166437303487e-09
"SM2_B.s.",3.25547191709798e-09
"SaaCH",3.21237759662051e-09
"NsssCH",2.96468945391234e-09
"VR1_Dz.v.",2.93018274812185e-09
"CATS2D_05_LL",2.6264127048367e-09
"H6p",2.56525789965242e-09
"P_VSA_LogP_6",2.44324469597459e-09
"SpMaxA_B.p.",2.24311501104228e-09
"SpMax5_Bh.m.",2.10230004429042e-09
"SpMax_EA",2.05299118195895e-09
"Eig13_AEA.ri.",2.02941993458938e-09
"HyWi_D.Dt",1.9425561573261e-09
"ATSC7p",1.88480116552598e-09
"SpPosA_Dz.Z.",1.86534363469559e-09
"SpMax_A",1.54262900763367e-09
"R4i.",1.52739727222449e-09
"ATS2e",1.37604347994929e-09
"SM15_EA.ri.",1.36515186504899e-09
"VE2_B.v.",1.29545090094141e-09
"SpMax4_Bh.v.",1.26637253024355e-09
"P2e",1.26337650626877e-09
"ZM2MulPer",1.23756217327223e-09
"H6m",1.19400765041555e-09
"Eta_L",9.83783853888277e-10
"HyWi_G",8.68027603707119e-10
"SpMax2_Bh.i.",8.5579712234853e-10
"ATS4m",8.40939709450869e-10
"ATS2i",8.14024206073804e-10
"VE2_G",7.82623613416032e-10
"H7u",7.65069007616238e-10
"SpAbs_B.s.",7.16850823335794e-10
"HATS2i",5.98563390150854e-10
"R7m",5.73829755766013e-10
"SM1_Dz.v.",5.44643981430937e-10
"nArCO",4.89077068679716e-10
"SpAD_EA.ri.",4.23700195230235e-10
"GGI10",4.08435552876951e-10
"piPC05",3.81228291161084e-10
"Ki",3.67722675783283e-10
"ATSC1p",3.594468292581e-10
"nR.Ct",3.30431062590493e-10
"VR2_RG",3.27383494964002e-10
"Eig05_EA.dm.",3.22702779904301e-10
"P_VSA_m_1",3.14309729725865e-10
"H_Dz.p.",2.81614445209814e-10
"R8i.",2.80954561674479e-10
"nR03",2.13768050069851e-10
"SpMax6_Bh.s.",2.13059628147941e-10
"ChiA_D.Dt",2.10325947116086e-10
"RDF115v",1.89303781230085e-10
"SpDiam_H2",1.85288919416059e-10
"SM6_B.p.",1.84475126314882e-10
"SpDiam_G",1.74966055801928e-10
"SM06_EA",1.58237789173609e-10
"Ho_G",1.54972380027009e-10
"Mor05p",1.43183983826611e-10
"SM3_B.p.",1.28132212750596e-10
"VR1_Dz.p.",1.20616973053255e-10
"SM3_B.m.",1.20370418961853e-10
"VE2_B.p.",1.15174048974503e-10
"ATS7e",1.14764240412431e-10
"ATSC5v",9.32641310708941e-11
"SM6_B.i.",8.64436444151877e-11
"R5i.",8.11760253722031e-11
"SpPos_B.p.",8.06557984334821e-11
"CATS2D_04_DL",8.02953198652761e-11
"Wi_Dz.i.",7.78918052087605e-11
"VR1_RG",7.78724986194639e-11
"SM04_EA.bo.",7.75747162352927e-11
"F03.C.N.",7.22874426234390e-11
"VE1_B.i.",6.66873141884308e-11
"Eig07_EA.dm.",6.20976629168704e-11
"T.N..O.",5.93530267578187e-11
"H_G",5.51527901055354e-11
"Eig04_AEA.ed.",5.49089641986403e-11
"SpPos_A",5.3333821381713e-11
"SpMAD_Dz.p.",4.45757029139738e-11
"Eta_C",4.28549569140049e-11
"AVS_D.Dt",4.09453993641743e-11
"RTe",3.78809593885131e-11
"SpAbs_Dz.p.",3.24807695326965e-11
"RDF055i",3.20377519949339e-11
"VE1_G",3.18568449055818e-11
"SM04_EA.ri.",2.75972365155631e-11
"WiA_H2",2.42697798482182e-11
"Ts",1.92677031258161e-11
"SpMax6_Bh.i.",1.71572937984128e-11
"HATS2v",1.62915905769132e-11
"SpMin6_Bh.e.",1.61236765846696e-11
"TDB05m",1.598852645242e-11
"Ku",1.3237720709144e-11
"Mor12i",1.30578269134406e-11
"SpMin6_Bh.m.",1.15784645350694e-11
"VR2_H2",1.09561159880859e-11
"SP02",1.00670366713618e-11
"DP02",9.95190912342044e-12
"RDF135e",9.67157851167711e-12
"RCON",8.67634226223165e-12
"ATS4i",8.35666020484584e-12
"SpMax3_Bh.p.",8.34920045651328e-12
"Eig13_EA.bo.",6.6578462773492e-12
"SpMax_RG",6.49240317545598e-12
"SM11_EA.ed.",6.41410601187535e-12
"H7p",6.33053525682604e-12
"G.O..O.",6.06109283567124e-12
"RDF075i",5.53402098071629e-12
"SpMin5_Bh.v.",5.42947140929839e-12
"nRCOOR",5.34271999541805e-12
"ATSC3i",5.32374922966722e-12
"X5sol",5.13271597679194e-12
"nRCONHR",4.94006174382823e-12
"H7s",4.89164472696806e-12
"D.Dtr10",4.82663914166953e-12
"SpPosLog_G",4.78986878364493e-12
"RDF030i",4.64150846076589e-12
"TIC4",4.11884494206571e-12
"SP03",4.07627969574645e-12
"R8s",3.6999360976876e-12
"RDF140e",3.59194465577962e-12
"C.005",3.52301050776914e-12
"SM05_EA.ri.",3.07949998119832e-12
"SpPosA_Dz.e.",2.91754095121537e-12
"VE1_B.e.",2.80507274846575e-12
"SpDiam_Dz.i.",2.74073986949759e-12
"HIC",2.72158004082384e-12
"Chi0_EA.ri.",2.66063764525122e-12
"ATSC8i",2.61722919157822e-12
"SRW05",2.61430441738765e-12
"AVS_G",2.32562066221329e-12
"H.046",2.14069845520454e-12
"J_B.m.",2.03174667878735e-12
"L3i",1.79886039160858e-12
"QZZp",1.5698051639269e-12
"ATSC6i",1.53044988484862e-12
"VE3_B.i.",1.48642760227153e-12
"RDF135u",1.48274161926358e-12
"WiA_B.v.",1.44665390423843e-12
"SpPosLog_B.p.",1.31637407368385e-12
"Mor29p",1.28822567597207e-12
"EE_B.v.",1.13660590987097e-12
"RDF090v",1.117908335266e-12
"VE3_Dz.p.",1.08603639079875e-12
"Ho_B.s.",1.01252345314787e-12
"RDF130s",8.84367247937137e-13
"SM12_EA.ri.",8.72069916620252e-13
"VE2_Dz.e.",8.68558769668684e-13
"SpMax8_Bh.m.",8.51129571918178e-13
"QZZv",8.32348659316078e-13
"TDB07m",7.33783969452514e-13
"TIC5",7.22131114910424e-13
"F05.C.O.",6.56160579847751e-13
"Eig03_EA.dm.",6.35890898658304e-13
"HTe",6.33406072872184e-13
"WiA_G",6.20322279139069e-13
"RDF135s",5.78096249852961e-13
"Wi_D.Dt",5.63020145566962e-13
"SpMin5_Bh.i.",5.5298731275436e-13
"GATS7i",5.41902227040419e-13
"SM2_Dz.p.",5.33536084114806e-13
"AVS_Dz.Z.",5.31595864013452e-13
"P2i",5.29843126383434e-13
"CATS2D_08_AA",5.07105029203132e-13
"Psi_i_1s",4.75274532359137e-13
"C.008",4.68361188736034e-13
"RDF025e",4.54427210123523e-13
"RDF100s",4.52857558283016e-13
"SM08_EA.ri.",4.50401435627513e-13
"SpMin7_Bh.m.",4.39451615833516e-13
"RDF085v",4.31356837006875e-13
"CATS2D_02_DL",4.23252819263741e-13
"SP01",4.23199809684333e-13
"T.O..O.",4.0991916285909e-13
"VE3_G.D",4.0425438440116e-13
"SpMaxA_L",3.93899024572589e-13
"RDF135p",3.90579372870161e-13
"VE2_H2",3.75888809101856e-13
"CATS2D_01_LL",3.74858791809367e-13
"Wi_B.s.",3.71281380781875e-13
"SpMax_D.Dt",3.55247032442132e-13
"Kp",3.51612341253269e-13
"ATS6p",3.44287497354389e-13
"VE3_Dt",3.43436740822289e-13
"Ho_Dz.Z.",3.42212423259304e-13
"SpMAD_RG",3.25224482549586e-13
"Ho_B.v.",3.24867838515629e-13
"SM06_EA.dm.",3.12263305519233e-13
"RDF110i",3.0926379053985e-13
"RDF080i",3.08497554541349e-13
"R7v",2.99977253134372e-13
"H3i",2.99534911634779e-13
"Chi_G",2.94823977746548e-13
"VR1_B.s.",2.8864154254529e-13
"RDF030e",2.87735164765547e-13
"H_Dz.e.",2.83660264565852e-13
"nOHs",2.82907313888278e-13
